施設ID,施設名,施設タイプ,所在地,評価期間,CO2排出量_合計_kg,電力使用量_合計_kWh,水使用量_合計_m3,廃棄物量_合計_kg,CO2排出原単位_平均_kg/kWh,CO2排出原単位_最大_kg/kWh,CO2排出原単位_最小_kg/kWh,再生可能エネルギー比率_平均,パフォーマンス評価,データ件数,CO2削減ポテンシャル_kg,ベンチマーク比
F001,東京工場,製造,東京都,2024-Q1,88000,167000,980,3800,0.5269,0.5294,0.5244,0.165,NeedsImprovement,2,85700,1.2166343400757367
F002,大阪工場,製造,大阪府,2024-Q1,55000,108000,590,2300,0.5092,0.5094,0.5091,0.11,Average,2,52700,1.1757642929712755
F003,名古屋倉庫,倉庫,愛知県,2024-Q1,9800,23500,195,980,0.4171,0.4174,0.4167,0.265,Good,2,7500,0.9631015054955204
F004,福岡オフィス,オフィス,福岡県,2024-Q1,2300,5900,38,95,0.3897,0.4,0.3793,0.325,Good,2,0,0.8998337489609309
F005,札幌データセンター,データセンター,北海道,2024-Q1,15800,49000,295,390,0.3225,0.325,0.32,0.41,Excellent,2,13500,0.7446661124965365
